Ennadai;0
Agdam;0
Cheremoshna;0
Nordvik;0
Logashkino;0
Ambarchik;0
Ul'kan;10
Siglan;10
Zillah;10
Agapa;10
Komsa;10
Gueppi;10
Podkamennaya Tunguska;10
Puca Urco;10
Big Beaverhouse;10
Gyda;10
Tiyerbes;10
Bir Mogrein;10
Yessey;10
Sagastyr;10
Omchak;10
Il'pyrskiy;10
Zemlya Bunge;10
Olenek;10
Ust'Nyukzha;10
Trofimovsk;10
Nord;10
Numto;10
Andoas;10
Island Lake;10
Utkholok;10
Menkerya;10
Ust'Olenek;10
Varnek;10
Zvezdnyy;10
Shalaurova;10
Manily;10
Pakhachi;10
Tukchi;10
Timmiarmiut;10
Chagda;10
Soldado Bartra;10
Strelka;10
Godhavn;10
Lar'yak;10
Matochkin Shar;10
Lagunas;10
Chegga;10
Tunguskhaya;10
Barnis;10
Khorgo;10
Gaigirgordub;10
Villa Martin Colchak;10
Indiga;10
Khakhar';10
Starorybnoye;10
Karamken;10
Zhilinda;10
Peregrebnoye;10
Hodrogo;10
Bol'sheretsk;10
Djado;10
Puerto Heath;10
Kovda;20
Cuya;20
Grise Fiord;23
Rocafuerte;40
As Sidrah;50
Kingoonya;50
Savissivik;66
Piso Firme;72
Burwash Landing;73
Uranium City;89
Grytviken;99
Ituni;100
Vorontsovo;100
Mukhomornoye;100
Mucusso;100
Al Uqaylah;100
Nichicun;100
Burylbaytal;100
Lutselk'e;102
Salluit;106
Sharbaqty;107
Lansdowne House;120
Rigolet;124
Alert;125
Fort Severn;125
Bifoun;134
Buton;140
Bedourie;142
Narsarsuaq;145
Progress;146
Cuito Cuanavale;149
Bafwasende;149
La Esmeralda;150
Luiana;150
Stony Rapids;152
Ivujivik;156
Al Qunfudhah;157
Windorah;158
Vikhorevka;166
Karumba;173
Androka;174
Tsiigehtchic;175
Hurdiyo;176
Lusanga;177
Vilankulo;177
Bicheno;177
Oxford House;184
Quipungo;186
Camooweal;187
Southern Cross;187
Sayhut;189
Three Springs;190
Kalima;194
Port Hope Simpson;197
Charana;197
Kangersuatsiaq;200
Upper Hay River;200
Burketown;200
Mapai;201
Thargomindah;203
Zouar;204
Kraulshavn;204
Kingston South East;206
InAmenas;216
Gingoog;218
Saint Anthony;224
Leonora;227
Amau;230
Kanyato;232
Adelaide River;237
Kenge;241
Nimule;242
Timbedgha;245
Theodore;246
Resolute;250
Tasiusaq;250
Villa O'Higgins;250
Morawa;259
PortMenier;263
Ivanhoe;265
Radisson;270
Gubkin;272
Cat Lake;277
Brochet;278
Amderma;282
Birdsville;283
Fort Simpson;283
Kulusuk;286
Ikela;291
Yaupi;293
Paulatuk;294
Richmond;296
Enurmino;297
Cazombo;298
Put' Lenina;298
Bugrino;300
Shoyna;300
Umm al Abid;300
Waitangi;300
Dease Lake;303
Lasserre;307
Halfmoon Bay;310
Manyoni;310
Laverton;316
Eastmain;335
Lethem;352
Balsadero Rio Verde;358
Akjoujt;370
Moroto;371
Chesterfield Inlet;374
Toconao;378
Chonchi;381
Kimmirut;385
Espungabera;393
Trepassey;398
Korf;400
Nizhneyansk;400
Comandante Luis Piedra Buena;410
Sherlovaya Gora;411
Tsavo;414
Hughenden;421
Mount Magnet;424
Pukatawagan;431
Hopedale;442
Wilcannia;442
Dhuusamarreeb;447
Xangongo;447
Fort Resolution;448
Forteau Bay;448
Fada;448
Kullorsuaq;450
Woomera;450
Trout River;452
Eidsvold;459
Selibaby;460
Scoresbysund;469
Schefferville;471
Lynn Lake;482
Tmassah;500
Chitado;500
Yakossi;500
Holman;500
Telsen;500
Puerto Pinasco;500
Cartwright;505
Tournavista;511
Caluula;513
Fort Smith;518
Deline;525
Punta Prieta;527
Andamooka;528
Calenga;531
Cowell;537
Sandspit;538
Mereeg;548
Kangirsuk;549
Llica;553
Lata;553
Chiramba;556
Gastre;557
Quilpie;560
Ubombo;564
Mikhalkino;570
Onslow;573
Sabaya;573
Tinogasta;587
Mingan;588
Fort Good Hope;597
Tunduru;600
Boulia;600
Ype Jhu;600
Panda;602
Dibaya;603
Arctic Bay;604
Qaanaaq;616
Calatrava;628
Kimba;636
Massangena;650
Hall Beach;654
Meekatharra;654
Pine Creek;665
Djanet;666
Linxi;679
Buchans;685
Pannawonica;686
Zhaltyr;694
Serebryansk;701
Rodeo;701
Satadougou;706
Natashquan;722
Comallo;741
Yerema;745
Muhembo;757
Taloyoak;774
Uelen;776
Bavaro;795
Calulo;795
Wyndham;800
Watson Lake;802
La Scie;817
Georgetown;818
Coral Harbour;834
Baddeck;852
Luanza;861
Shamattawa;870
Hoskins;871
Berens River;892
Tuktoyaktuk;929
Yulara;930
Daraj;931
Tarapoto;936
Cuevo;953
Principe da Beira;956
General Eugenio A Garay;972
Cacolo;984
Yelimane;988
Greytown;1000
Altata;1000
Repulse Bay;1000
Churchill;1000
Norseman;1004
Sicasica;1006
Besalampy;1022
Norman Wells;1027
Soroti;1038
Fulin;1049
Omolon;1050
Hagta;1051
Streaky Bay;1060
Argentia;1063
Barcaldine;1068
Fort McPherson;1069
Exmouth;1085
Klyuchi;1089
Susques;1093
Ravensthorpe;1101
Gjoa Haven;1109
Dikson;1113
Mirbat;1120
Puerto Acosta;1123
Upernavik;1129
Kaabong;1137
Los Blancos;1145
Nain;1151
Santo Antonio;1156
Winton;1157
Oatlands;1157
Buluko;1192
Capitan Pablo Lagerenza;1200
San Rafael;1201
Cloncurry;1202
Nipigon;1204
Celeken;1206
Halls Creek;1209
Regedor Quissico;1210
Port Denison;1213
Las Lajas;1218
Lavrentiya;1242
Lake Louise;1248
Nacunday;1250
Villa Rumipal;1269
Kuujjuaq;1273
Gillam;1281
Ayan;1286
Geraldton;1290
Uummannaq;1299
Kugluktuk;1302
Chumikan;1305
Tarutung;1305
Cangamba;1307
Fulacunda;1311
Lubutu;1313
Dawson;1319
Pangnirtung;1320
Cape Dorset;1326
Nyimba;1336
Qardho;1341
Qasigiannguit;1341
Jaque;1357
Cobalt;1372
Verkhoyansk;1388
Ouyen;1400
Bella Bella;1400
Tsau;1409
Chibia;1411
Machinga;1418
Aioun;1423
Gingin;1446
Thessalon;1464
Lokwabe;1473
Cambridge Bay;1477
CapChat;1484
Bu'aale;1490
Tajarhi;1500
San Vicente del Caguan;1500
Alexander Bay;1500
Meningie;1501
Chibemba;1502
Penola;1514
El'dikan;1516
Ust'Kuyga;1517
Sierra Colorada;1522
Kipili;1533
Geita;1536
Manja;1536
Iracoubo;1536
Kalbarri;1537
Alto Rio Senguer;1548
Pond Inlet;1549
Chiradzulu;1580
Baker Lake;1584
Ceduna;1586
Little Current;1595
Inukjuak;1597
Wagin;1598
Trancas;1599
Vila Bela da Santissima Trindade;1612
Igloolik;1612
Xuddur;1639
Tofino;1655
Omboue;1667
Labutta;1667
Totness;1685
Peterborough;1689
Hofn;1695
Al Qasr;1716
Moosonee;1725
Nasir;1741
Al Jaghbub;1744
Nokaneng;1763
Red Lake;1765
Puerto Villarroel;1778
Mount Barker;1781
Borgarnes;1783
Novyy Port;1790
Tumby Bay;1791
Al Bayda';1794
Attawapiskat;1802
Yamba;1806
Sixaola;1823
Rio Mayo;1825
Tasiilaq;1829
La Palma;1845
Te Anau;1857
Beringovskiy;1861
Paamiut;1862
Arviat;1868
Taedong;1884
Corocoro;1884
Charleville;1900
Saskylakh;1920
Abuna;1929
Lehututu;1942
Amapa;1947
Katwe;1957
Marka;1958
Kaupanger;1965
Matagami;1966
Dover;1991
Dawwah;2000
Konza;2004
Evensk;2024
Mejillones;2041
Onverwacht;2105
Pozo Colorado;2135
Plumtree;2148
Hudson Bay;2157
Kaikoura;2172
Wawa;2174
Wiarton;2182
Sorata;2190
Biggar;2192
Puerto Villamil;2200
Stanley;2213
El Manteco;2215
Mwenga;2216
Roura;2229
Egvekinot;2248
Egilsstadhir;2265
Tolten;2293
Port Hardy;2295
Muconda;2324
Maltahohe;2329
Boffa;2332
Sohano;2338
San Julian;2347
Jurado;2351
Queenstown;2352
Dondo;2353
Coroico;2361
Oficina Maria Elena;2370
Yuscaran;2371
Karungu;2376
El Dorado;2383
Uspallata;2390
Baures;2422
SeveroKuril'sk;2422
Tarabuco;2428
Jose Batlle y Ordonez;2438
Palopo;2444
Scottsdale;2468
Rankin Inlet;2472
Fuerte Olimpo;2475
Bourke;2475
Nauta;2500
Mariscal Estigarribia;2500
Nagqu;2500
Puerto Williams;2500
Maradah;2500
Capitol Hill;2500
Nelson House;2500
Chokurdakh;2506
Donegal;2513
Baltasar Brum;2517
Gobernador Gregores;2519
Isafjordhur;2534
Provideniya;2536
Athabasca;2539
Huasco;2558
Garoowe;2568
Mkokotoni;2572
Chumbicha;2572
Cestos City;2578
Bordertown;2583
Rorvik;2615
Gimli;2623
Burns Lake;2635
BaieduPoste;2645
Chapleau;2663
Merredin;2668
Saudharkrokur;2682
Entre Rios;2685
Aigua;2692
Tom Price;2723
Barclayville;2733
Nuqui;2741
SaintGeorges;2742
Hlatikulu;2748
Kerewan;2751
Wallaroo;2779
Kailu;2809
Ygatimi;2809
Mangbwalu;2819
Weipa;2830
Orocue;2835
Villalonga;2838
Nautla;2890
Lillooet;2893
Longreach;2894
Padilla;2920
Pampa del Infierno;2921
Samaipata;2926
Renwick;2928
General Conesa;2958
Mabaruma;2972
Mandalgovi;2984
Saranpaul';2985
Lac La Biche;2986
Qalahye Now;2997
Port Douglas;3000
San Lorenzo;3000
Taoudenni;3019
Inuvik;3022
Abai;3024
Charagua;3025
Central Coast;3026
InAmguel;3030
Arroyos y Esteros;3055
Clare;3061
Ust'Maya;3062
Hokitika;3078
Buur Gaabo;3096
Anna Regina;3113
Shelburne;3167
Mekambo;3170
Sinnamary;3180
Caballococha;3195
Khatanga;3205
Groningen;3216
Fort Chipewyan;3222
Qaqortoq;3224
Louang Namtha;3225
La Paloma;3230
Zhigansk;3237
Hartford;3237
Turangi;3240
Sebba;3273
Kirkenes;3282
Mopipi;3301
Bol;3303
Krasnogorsk;3304
Puerto Deseado;3305
Vanrhynsdorp;3331
Gander;3345
Lukulu;3349
Ugol'nyye Kopi;3367
Bukachacha;3372
Kaberamaido;3400
Darregueira;3412
Magdalena;3445
Srednekolymsk;3459
Santa Barbara;3494
Ligonha;3500
Dehiba;3525
Janjanbureh;3584
Yomou;3614
DeKastri;3615
Atikokan;3625
Zyryanka;3627
Palana;3671
Mezen';3672
Gaspe;3677
Seymour;3693
Lavumisa;3695
Cherskiy;3707
UlaanUul;3726
Teeli;3732
Deer Lake;3743
Perito Moreno;3766
La Ronge;3783
Esperanza;3836
Sapouy;3837
P'ungsan;3839
Vitim;3843
Ciudad Cortes;3850
Windsor;3864
Hay River;3900
Westport;3900
Shongzhy;3902
Jasper;3907
Finnsnes;3907
Karmah an Nuzul;3928
Katanning;3934
Digby;3949
Mbe;3950
Grevenmacher;3958
Wabag;3958
SaintAugustin;3961
Proserpine;3976
Mayumba;3996
Vergara;3998
San Antonio de los Cobres;4000
Manica;4000
Araouane;4026
Quime;4045
Xinguara;4047
Brus Laguna;4067
Bensonville;4089
Bongandanga;4105
Mitzic;4111
Santo Tomas;4134
Deer Lake;4163
Novyy Uoyan;4184
Apolo;4189
Svolvaer;4197
Omsukchan;4201
Smithton;4202
San Javier;4210
ChannelPort aux Basques;4220
Pofadder;4220
Black River;4229
Narrogin;4238
Manjimup;4240
Goondiwindi;4251
Kyaukpyu;4261
Batagay;4266
George Town;4268
El Maiten;4269
Comandante Fontana;4277
Melville;4279
Bekily;4286
Attapu;4297
Al Qunaytirah;4318
La Cruz;4319
Liverpool;4331
Saryshagan;4365
Sokolo;4374
Kindersley;4383
La Paz;4400
Ilulissat;4413
Cochrane;4441
Cochrane;4441
Victorica;4458
Aqtau;4479
Abra Pampa;4480
Tonantins;4561
Otavi;4562
Sioux Lookout;4570
Brownsweg;4582
Scone;4624
Marathon;4627
Sangar;4633
Palikir;4645
Cobram;4659
Klaksvik;4664
Bagdarin;4676
Camargo;4715
Berri;4716
Uncia;4723
Funafuti;4749
Turukhansk;4774
Nata;4794
Creston;4816
Cubal;4837
Pevek;4837
Forbes;4838
Betanzos;4847
Puerto Lempira;4856
Opuwo;4857
Ros Comain;4860
Nieuw Amsterdam;4935
Ust'Kamchatsk;4939
Artemovsk;4948
Punakha;5000
Qasr al Farafirah;5000
Puerto La Victoria;5000
Wangdue Phodrang;5000
Town and Country;5001
Rutherford;5001
River Ridge;5002
Greenfield;5007
Wakefield;5007
Santa Barbara;5007
Charlestown;5008
Sugarcreek;5009
North Fort Lewis;5009
Sabattus;5009
Clifton;5010
Bowie;5011
Centreville;5012
Lake Montezuma;5013
Alexandria;5015
Basehor;5017
Columbia;5019
De Soto;5019
Eagleville;5019
ShanorNorthvue;5021
Thatcher;5021
McGregor;5022
Brookshire;5022
Bridgeville;5023
McMinns Lagoon;5025
Cleveland;5025
Kings Park;5025
West Salem;5026
La Crescent;5028
Manchester;5028
Carrollton;5029
Muleshoe;5030
Demarest;5032
Port Allen;5034
Bristol;5034
Attica;5036
Wanaka;5037
Elmwood;5037
St Joseph;5037
Krum;5038
Rainsville;5038
Wheatley Heights;5038
Mount Hood Village;5041
Pascoag;5041
Stafford Springs;5042
Olyphant;5042
Hearst;5043
Shepherdstown;5045
Concordia;5047
St Clairsville;5049
Deerfield;5049
Friendship Heights Village;5051
White Hall;5054
Hutchinson Island South;5055
Lone Grove;5060
Milan;5061
Gretna;5062
Ulysses;5062
Belvedere;5063
Munroe Falls;5063
Paulden;5064
Colville;5064
South Haven;5064
Marion;5065
Flagler Beach;5068
Crystal Springs;5069
Post;5070
North Fond du Lac;5070
Wildwood;5070
Portland;5070
Owego;5071
Springfield;5072
Battlement Mesa;5072
Dwight;5073
Canterbury;5074
Canutillo;5075
Carlyss;5075
Winnsboro;5078
Commercial;5080
Bay Hill;5081
Salinas;5081
Wahneta;5084
Cold Spring Harbor;5088
Abbeville;5088
Brownfields;5089
Gillespie;5089
Montevideo;5090
Angier;5091
Rockingham;5092
Farmers Loop;5092
Midfield;5092
Midway;5093
Poplar Grove;5093
Kenneth City;5093
Wilton;5097
Odessa;5100
Sea Cliff;5100
East Harwich;5101
Williamson;5108
Travelers Rest;5108
Cape May Court House;5109
Chisago City;5109
Broadmoor;5112
Hartsdale;5114
Teyateyaneng;5115
Rio Pinar;5116
Ward;5117
South Pasadena;5118
Peculiar;5118
Monee;5119
Walkertown;5120
Mattawa;5122
Daleville;5122
Villa del Rosario;5123
Winterset;5127
McKenzie;5127
Berkeley;5130
Collegeville;5130
Mechanicville;5130
Brady;5133
Colona;5133
Combarbala;5134
Morris;5134
Colesville;5135
Buellton;5135
Scott City;5136
Chernyshevskiy;5137
Newman;5138
Humboldt;5139
Schlusser;5139
Westvale;5139
Vadso;5139
Northumberland;5140
Stewartstown;5142
Offutt AFB;5142
Pinardville;5142
Ayden;5143
Flanders;5144
Myrtletown;5145
Deale;5148
Paris;5148
Lake City;5149
Winona Lake;5149
Fort Rucker;5149
Schuyler Falls;5150
Glencoe;5152
Ottawa;5153
Shelby;5154
Schuylkill Haven;5155
South Bay;5156
Williamston;5158
Glendale;5158
Carlisle;5160
Bayou Vista;5160
Tara Hills;5160
Mount Repose;5160
Bisbee;5160
Eagleton Village;5163
Bolton;5167
Birdsboro;5167
Worland;5167
Punta Santiago;5168
Orange;5169
Turpin Hills;5170
Oak Grove;5170
Jinzhong;5170
Byron;5170
Ranson;5173
Forsyth;5173
Polson;5174
Hazardville;5174
Dickinson;5174
Richmond;5176
East Moriches;5177
Central;5179
Hollywood;5179
Wenham;5179
Sawmills;5180
Bulverde;5184
Clarinda;5184
Mount Carmel;5184
Sarmiento;5185
Mullins;5185
Grosse Pointe;5188
Floral City;5188
Jan Phyl Village;5189
Xiangkhoang;5189
Brookline;5190
Terryville;5192
Hampden;5193
Pontotoc;5193
Creve Coeur;5194
Springfield;5197
Warren;5199
Hampstead;5200
Kibale;5200
Kalangala;5200
Holland;5201
Kaitaia;5202
Belle Fourche;5202
New Liskeard;5203
North Salem;5205
New Ipswich;5206
Zephyrhills South;5207
Timber Pines;5207
North Oaks;5207
Turtle Creek;5211
Rio Hondo;5211
Sidney;5212
FortShevchenko;5213
Silver Hill;5215
Dandridge;5216
East Granby;5220
Ocean BluffBrant Rock;5223
Collinsville;5226
Avondale;5226
Sisimiut;5227
Addis;5227
Bangor;5227
Avra Valley;5227
Dumfries;5230
Waynesville;5230
Pound Ridge;5230
Nolanville;5231
Fruitland;5234
West Wendover;5236
Arlington Heights;5238
Grambling;5239
Spring Valley;5239
Nassau VillageRatliff;5245
Cocoa West;5250
Algona;5251
Cottleville;5253
Wadesboro;5255
North Stonington;5255
Ghent;5255
Eaton;5256
Union City;5257
Polygyros;5258
Gilmer;5261
Giddings;5261
Big Bear Lake;5262
Mount Olive;5264
South Sarasota;5265
Maine;5265
Hockinson;5267
Alton;5267
Zebulon;5268
Savannah;5269
Hampshire;5270
White City;5270
Jackson;5271
St Augustine South;5271
Suncook;5272
Calistoga;5273
Kings Point;5273
Yosemite Lakes;5274
Red Oak;5277
Frankenmuth;5277
Torghay;5277
Lake Fenton;5279
Carmi;5281
BatesburgLeesville;5281
Gilbertsville;5281
Cavalero;5284
Fruitland;5285
Holdrege;5286
Sunset;5286
Elmsford;5287
Shillington;5288
Conklin;5291
Williamsville;5292
Auburn;5293
Sunbury;5293
Albertson;5294
Grayson Valley;5295
Lafayette;5298
Veintiocho de Noviembre;5300
Centerville;5300
Hadley;5301
Hawaiian Beaches;5302
South Highpoint;5303
Lehighton;5304
Warm Mineral Springs;5305
Palmerton;5306
Hohenau;5306
Edgewater;5308
Wind Lake;5309
Fox Chapel;5309
Salem;5310
Ravena;5310
Blaine;5311
Jaffrey;5314
Newfield;5314
Lake Wildwood;5315
La Esperanza;5318
Manitou Springs;5322
Grandyle Village;5324
Chadron;5324
Rothschild;5325
Highwood;5325
Bright;5326
ManchesterbytheSea;5327
Desaguadero;5329
Delhi Hills;5330
East Port Orchard;5334
St Clair;5335
Grandwood Park;5335
Lely Resort;5335
Carlisle;5336
Penuelas;5338
Big Pine Key;5339
Mena;5339
Willow Park;5340
Ballston Spa;5340
Maplewood;5340
Peace River;5340
Ridgeland;5341
Kaser;5343
Leadville;5343
Hidden Valley;5344
Bridgton;5346
New Castle;5348
Qaminis;5348
Manchester;5348
Summit;5349
West Hills;5349
Caruthersville;5349
Uhrichsville;5351
Anamosa;5355
Mount Carmel;5355
Tichigan;5355
Bar Harbor;5356
Morganville;5360
Connell;5360
Cameron;5361
Media;5362
Bret Harte;5367
Center;5367
Coal City;5369
Denver City;5369
Byron;5371
Caldwell;5374
Highland;5375
North Dansville;5375
Iola;5377
Paola;5378
Centerport;5380
Los Chaves;5380
Witu;5380
Goshen;5383
Tonganoxie;5384
Fairport;5384
Hightstown;5384
Hanamaulu;5386
Sterling;5387
La Grange;5388
Massanetta Springs;5388
Eaton Rapids;5388
Bear Valley Springs;5389
Marilla;5389
Mudgee;5391
St Paul Park;5392
Wayne;5394
Highland Lakes;5394
Northwood;5396
Jonesborough;5397
Homestead Meadows North;5397
McGuire AFB;5397
Terrell Hills;5397
Kenai;5399
Frankford;5399
Rye;5401
Jonesboro;5402
Ettrick;5403
La Habra Heights;5403
Loudon;5403
Manteo;5403
Indian Wells;5404
Morristown;5404
HilmarIrwin;5407
Glencoe;5407
Aubrey;5407
Dove Valley;5409
Williams;5410
South Amherst;5411
Pinckneyville;5413
Stokesdale;5413
Gibson;5415
Tea;5415
Kalaheo;5416
Orwigsburg;5416
Mocksville;5416
Monticello;5417
Smiths Station;5418
Grayson;5420
Jim Thorpe;5421
Rancho Murieta;5424
Quantico Base;5425
Wake Village;5425
Cidra;5427
Slinger;5427
Trenton;5431
Waipio Acres;5432
Oneonta;5432
Brent;5432
San Quintin;5433
Rockwood;5434
Ouadda;5434
Colby;5436
Lisbon;5439
Fairview;5440
Columbia;5442
Sherwood Manor;5443
Tura;5444
Avarua;5445
Vienna;5445
Titusville;5447
Lakehills;5447
Manchester;5447
Muldrow;5449
Dayton;5449
Canal Fulton;5451
Winston;5452
Englewood Cliffs;5453
Three Points;5453
Westernport;5456
South Pittsburg;5457
Salamanca;5459
Volo;5462
Rochester;5462
Warren;5463
Bellows Falls;5464
Sparta;5464
Cobleskill;5465
Brookhaven;5467
Northfield;5470
Bessemer City;5472
Lucerne Valley;5472
Breinigsville;5478
Boothwyn;5478
Mali;5479
Firthcliffe;5481
Robbins;5486
Nashville;5487
Salton City;5487
Waterford;5487
SamsulaSpruce Creek;5489
Black River Falls;5490
Pecan Plantation;5491
Barre;5491
Waterville;5492
New Holland;5492
Stettler;5494
Morganfield;5496
Roma;5496
Breckenridge;5497
Beekmantown;5498
Clare;5501
New Hempstead;5502
New Boston;5503
Cut Off;5503
Germantown;5503
Lyons;5504
Caazapa;5504
Rockdale;5505
Jamestown;5505
Hamptonburgh;5506
Fort Plain;5508
Somerdale;5508
Valatie;5508
Wappingers Falls;5508
Stroudsburg;5511
Thiells;5511
Swartz Creek;5512
Weiser;5513
Pagosa Springs;5514
Elberton;5515
Palmview South;5516
Apple Valley;5520
Salavan;5521
Old Fig Garden;5522
Monaca;5522
Doney Park;5522
Poland;5522
Sweetwater;5522
Honeoye Falls;5524
South Apopka;5525
Wellston;5526
Harwinton;5526
Bethany;5526
Coraopolis;5530
Corydon;5532
Shaw Heights;5534
Honesdale;5536
Lochbuie;5537
Atlanta;5541
Independence;5541
Holdenville;5543
Marbletown;5543
Dacono;5545
Boxborough;5546
Lakeview;5546
Duquesne;5547
Ferriday;5553
Ocean Shores;5553
Greenwich;5555
Strawberry;5558
Littlefield;5558
Zeeland;5559
Union Beach;5562
Huntingburg;5562
Paxtonia;5564
Woodside;5564
Bowling Green;5568
Madisonville;5570
Twin Lakes;5570
Okhotsk;5570
Marlin;5571
Vossevangen;5571
Kensington;5573
Waynesboro;5574
Oxford;5574
Paradise Hills;5576
Weldon Spring;5578
Baxley;5578
Morris Plains;5581
Milton;5581
Carlinville;5584
Charleston;5584
New Carlisle;5586
Asbury;5586
Orchard Homes;5588
Exeter;5589
Falcon Heights;5592
Starke;5593
Taylorsville;5595
Ada;5598
Wailea;5602
Warrenton;5602
Elverta;5606
Harrietstown;5609
Islip Terrace;5611
Pana;5612
Hopkinton;5614
West Yarmouth;5614
Eureka;5614
Chelsea;5615
Mascotte;5616
Harris Hill;5618
Doffing;5619
Groveport;5621
Cave Creek;5622
Kasempa;5622
Riga;5623
Lake Delton;5624
Old Bethpage;5624
Palm Springs North;5624
Hutchins;5627
Beni Ounif;5628
Springhill;5631
Linton;5636
Edna;5638
Vinita;5639
Fort Washington;5640
Estherville;5640
Richland;5642
Wrightsboro;5642
Willow Springs;5643
Pelham Manor;5643
South Tucson;5643
Anasco;5645
Kerema;5646
Chackbay;5647
Buckner;5648
Appenzell;5649
Mount Carmel;5650
West Bountiful;5650
Greenville;5652
Webster;5652
Colorado City;5657
Thompson's Station;5662
Lake Bluff;5662
Pontoon Beach;5664
Las Flores;5665
Anthony;5665
Kingstree;5670
Gardiner;5671
Willard;5675
Rochelle Park;5677
Berne;5677
New Gloucester;5679
Kununurra;5679
Deer Park;5679
Kirkwood;5680
Glarus;5681
Belmar;5682
Cumberland;5683
Winfield;5684
Princeton;5684
Gardiner;5688
Wilmington;5691
Gray;5692
Naval Academy;5693
Presque Isle;5696
Homer;5697
Chinle;5698
Tiksi;5700
Sharon Hill;5704
Paoli;5705
Violet;5705
Greenacres;5705
Brush;5710
Nazareth;5711
Lewisburg;5712
Palermo;5713
Saratoga;5716
South Haven;5717
Pittstown;5717
Roseland;5717
Ingeniero Jacobacci;5719
Penn Wynne;5720
Isanti;5721
Pea Ridge;5721
Indiantown;5722
Spring Grove;5725
Douglass Hills;5728
Fort Wright;5729
Anna;5729
Rumford;5730
Country Homes;5730
Trooper;5732
Hartford City;5733
Hillandale;5734
Hidden Valley Lake;5735
Alma;5738
Mount Plymouth;5739
Moosic;5742
Greenwood;5742
Benton;5743
Turner;5747
Piggs Peak;5750
Wrightsville;5750
Cullowhee;5753
Belton;5753
Westville;5753
Pocahontas;5755
Oceanport;5755
Seminole;5756
Bilibino;5757
Willow Oak;5759
Lebanon;5759
Loudon;5760
Fderik;5760
North Manchester;5761
Raleigh Hills;5762
Burnet;5762
Fairwood;5762
Stratmoor;5763
Yoakum;5763
Ceiba;5764
Eastwood;5766
Hollidaysburg;5767
Belding;5769
Bellevue;5772
Raton;5772
Washingtonville;5773
St Robert;5773
Granville;5773
Aptos;5775
Mathis;5776
Pecan Acres;5780
Mansfield;5782
Lee Acres;5784
Carnarvon;5785
New Brighton;5785
West Modesto;5786
Wellsville;5788
Slaton;5788
Minot AFB;5789
Hermon;5789
Dayton;5791
Volney;5792
Palmview;5792
Blauvelt;5794
Chickasaw;5794
Lee;5796
Nephi;5797
Aiyomojok;5798
Eucalyptus Hills;5798
Dickson City;5799
Alva;5799
Cambria;5800
Grand Turk;5801
Crafton;5803
Scenic Oaks;5804
Granite Shoals;5805
Gas City;5805
Anadarko;5806
Lorengau;5806
New Castle;5807
North Hills;5808
Plymouth;5809
Kingston;5812
Vegreville;5813
Pauls Valley;5817
Durham;5819
North Windham;5819
Mineola;5819
Mount Zion;5820
Goodrich;5821
Princeton;5822
Grafton;5823
Independence;5824
Claverack;5824
Woods Creek;5826
Delano;5827
Attalla;5827
Carterville;5827
Orleans;5827
Mayflower Village;5828
FountainheadOrchard Hills;5828
Idabel;5829
Fellsmere;5829
Ramblewood;5830
Garnet;5831
Blairstown;5833
Sansom Park;5836
Pevely;5837
Harvest;5839
Sinton;5840
Surfside;5841
Gustine;5844
Hellertown;5847
Lyndon;5850
Cutler;5850
Siesta Key;5850
Northam;5855
Hilton;5855
Kerikeri;5856
Breese;5856
Peoria Heights;5858
Woodstock;5862
Elburn;5863
Shady Side;5865
Windcrest;5866
Mount Arlington;5868
Luling;5868
Mundybash;5870
The Village of Indian Hill;5874
Fort Shawnee;5875
Pelican Bay;5876
New Martinsville;5876
Clanton;5876
Pass Christian;5878
White Rock;5878
Tewksbury;5881
James City;5882
Meadow Lake;5882
Hartwell;5883
Glendale;5886
Brookville;5888
Oreland;5889
Tellico Village;5890
Baldwin;5894
Norwood;5895
West ClarkstonHighland;5895
Union;5895
Villa Park;5895
Norwood;5895
Jamul;5895
Marlow Heights;5897
West Side Highway;5902
Manasquan;5903
Woodcliff Lake;5903
Roseburg North;5904
Demopolis;5907
Sullivan City;5908
Crockett;5908
Little Silver;5908
Deschutes River Woods;5910
Indian Hills;5911
Houlton;5911
Wyndmoor;5911
Littleton;5911
Corcoran;5912
Posen;5914
Willington;5916
Mitu;5917
Paulsboro;5920
Chester;5920
Lake Mohegan;5921
Selinsgrove;5922
Dover;5922
Maintirano;5925
Clyde;5927
South Hooksett;5927
Portland;5929
Taylor;5934
Cambria;5934
Maquoketa;5936
Roseland;5937
Tracyton;5937
Monaghan;5937
Progreso;5938
Wesley Hills;5938
Port Saint John's;5939
Arroyo;5940
Lake Alfred;5941
Newberry;5942
St Clair;5945
Mont Belvieu;5946
Steelton;5949
Staunton;5950
Fair Haven;5950
Forestbrook;5950
McKees Rocks;5950
Beardstown;5951
Dowagiac;5952
Rosendale;5952
Campanilla;5953
Jordan;5954
Hopedale;5955
Hillsborough;5956
Lago Vista;5956
Comstock Northwest;5957
Shields;5961
Prospect Park;5964
Countryside;5964
Henderson;5966
Crosspointe;5970
Upper Sandusky;5974
Logan;5976
Hardeeville;5977
Linglestown;5980
Tazovskiy;5981
Carrollton;5981
Patterson;5982
Mims;5982
Watchung;5985
Wonthaggi;5985
Tabor City;5987
Northville;5988
Conley;5994
Sealy;5995
Mendon;5995
Darlington;5999
Chapaev;6000
Norway House;6000
Phongsali;6000
Tessalit;6000
Ranchettes;6001
Eastampton;6003
AshtonSandy Spring;6004
Wescosville;6004
Rocky Mount;6004
Rindge;6005
Winthrop;6006
Bay Harbor Islands;6006
Litchfield Park;6009
Williamsburg;6009
Inverness Highlands South;6010
Waikoloa Village;6014
Woodcreek;6015
Grafton;6015
Finley;6015
Booneville;6015
West Hattiesburg;6016
Vail;6017
Chepes;6020
District Heights;6022
Cochran;6024
Ulysses;6025
Orange Beach;6029
Puerto Baquerizo Moreno;6030
Coxsackie;6032
Evansville;6033
Gardnerville;6034
Fishhook;6040
Old Tappan;6042
Santa Isabel;6042
Anaconda;6043
Elsmere;6045
South Gate Ridge;6045
Lakemoor;6048
Rhome;6048
Karasburg;6054
The Pas;6055
River Park;6055
Catskill;6061
Dinguiraye;6062
Bridgewater;6062
Mount Healthy;6063
Twin Lakes;6064
Rensselaer;6067
Puerto Real;6067
Rib Mountain;6068
Jamesburg;6068
Munford;6069
Fruitridge Pocket;6074
Ontario;6077
Simsbury Center;6077
Chelan;6078
East Falmouth;6079
Stewartville;6079
Kirundo;6083
North Hobbs;6083
Margate City;6083
Hainesport;6083
Atlantic;6085
Los Ranchos de Albuquerque;6087
Mullica;6088
Eagar;6089
Southampton;6090
New Whiteland;6092
Vine Grove;6093
Tequesta;6094
Hebron;6095
Potomac Mills;6095
Sheridan;6098
Holly Springs;6098
Air Force Academy;6098
Northfield;6099
Lecanto;6099
East Alton;6100
Beacon Falls;6108
Lewistown;6108
Northern Cambria;6109
Orlovista;6109
Dunlap;6110
Ararat;6110
Bathurst;6111
Bathurst;6111
Sky Lake;6112
Leonardtown;6113
Coco;6113
Westmoreland;6115
Cameron Park;6116
West Greenwich;6118
Willard;6118
Gowanda;6120
Naples Manor;6121
Spring Ridge;6123
Shrewsbury;6123
Iqaluit;6124
Ingham;6127
Umba;6128
Garrettsville;6130
Bowleys Quarters;6131
Johnson Lane;6134
Heathrow;6135
Glenwood;6137
Newport;6137
Montezuma;6138
Battlefield;6138
Kingston;6141
South Williamsport;6142
Chillicothe;6145
Homeland Park;6148
Chatham;6149
Du Quoin;6150
Rincon Valley;6151
Siteki;6152
Satsuma;6154
Gizo;6154
Chena Ridge;6155
Piedmont;6155
Ramtown;6157
Larchmont;6157
Union Gap;6161
Morrilton;6161
Cresaptown;6163
Laie;6168
Hurley;6168
Lebanon;6168
Elm Grove;6170
Kennett Square;6174
Alpine;6175
Barbourville;6178
Edgemoor;6178
Bondurant;6178
Walkersville;6181
Heber Springs;6181
Wheelersburg;6183
Clifton Springs;6184
Combee Settlement;6189
Dacula;6190
Kermit;6191
Chamberlayne;6193
Kenedy;6193
Metropolis;6198
Ndende;6200
Tarrant;6201
Valley Falls;6201
Clinton;6202
Eldorado at Santa Fe;6203
Fabens;6203
Tanglewilde;6205
De Queen;6206
Jasper;6206
North East;6206
Punxsutawney;6207
Ashburnham;6210
Vineyard;6210
Glenarden;6210
Wailua Homesteads;6212
Fruit Heights;6215
South Monroe;6215
Oakland;6218
Buena Vista;6219
Eastman;6220
East Farmingdale;6222
Ocean City;6227
Rowley;6232
Bridgeport;6232
Barnhart;6233
Saranap;6235
Wolfeboro;6235
Montgomery;6236
Keyes;6237
Pigeon Forge;6238
Binghamton University;6240
Nelsonville;6241
Diekirch;6242
Rogersville;6243
Sidney;6244
Amory;6245
Blakely;6245
Smithers;6245
Mattapoisett;6245
Carrizo Springs;6246
Bartonville;6250
Cheshire Village;6251
Schuyler;6256
Swarthmore;6257
Naples Park;6258
Pepper Pike;6258
Red Chute;6260
Plymouth Meeting;6261
Riverside;6264
Prosser;6264
Rockford;6264
Hewlett;6268
Walker;6269
Carolina Beach;6270
Henryetta;6271
Lanett;6271
Snyderville;6271
Verona;6272
Selfoss;6275
Sandown;6279
Harlan;6280
Buena Vista;6283
Cumming;6284
Iowa Park;6284
El Granada;6286
East Pasadena;6288
Lucea;6289
Blue Bell;6290
Wollochet;6291
Senatobia;6293
University at Buffalo;6294
Finderne;6297
Ashville;6297
Dennis;6298
Prestonsburg;6300
Carthage;6301
Pimmit Hills;6303
Kingston Estates;6305
Ghanzi;6306
Wilna;6307
Yaphank;6308
Biloela;6309
Corry;6313
Hamlet;6314
Carlstadt;6314
Fort Nelson;6315
Huntington Woods;6317
Johnsburg;6317
Granby;6318
Richmond;6319
Lincroft;6321
Enola;6326
Viola;6331
Eudora;6333
Meredith;6334
Steilacoom;6337
East Glenville;6339
Verkhnevilyuysk;6341
Solvay;6341
Pea Ridge;6345
Red Lion;6346
Ban Houayxay;6347
Everman;6348
Boonville;6348
Dalaba;6349
Sylvester;6350
San Matias;6352
White Oak;6352
San Carlos;6353
San Carlos;6353
Mount Vernon;6353
Mila Doce;6354
Waveland;6354
Forest Hills;6354
Heathcote;6355
Branford Center;6355
Crystal Lake;6355
Hampstead;6357
Bangor Base;6358
Mulvane;6359
Bensley;6363
Garrett;6364
California;6364
St John;6365
Emporia;6366
Champion Heights;6366
Liberty;6366
Merimbula;6367
Stone Mountain;6368
Atmore;6368
Littlestown;6369
Cold Spring;6370
Eliot;6380
Orchard Mesa;6380
Allegan;6380
Pleasure Point;6381
Lynchburg;6384
Otis OrchardsEast Farms;6385
Schriever;6385
Newport;6385
Cynthiana;6389
Prairie View;6391
Salem;6391
Carmel Hamlet;6392
Flin Flon;6393
Groesbeck;6393
Lake Mathews;6402
Lake Murray of Richland;6402
East Foothills;6405
Paloma Creek South;6406
Belpre;6406
Melut;6407
Douglas;6407
Gladewater;6408
Eagle;6408
South Run;6409
Devine;6410
Williamston;6418
Ellenville;6420
Marlborough;6420
Rushville;6425
Dahlonega;6432
Village of Oak Creek;6436
Willis;6436
Silver Lakes;6437
Rancho Calaveras;6437
Contra Costa Centre;6440
Keene;6440
Jeanerette;6441
Killingworth;6441
Garden HomeWhitford;6442
Moraine;6445
Oakmont;6445
Genoa;6446
Russells Point;6447
Peterborough;6450
Clarkston HeightsVineland;6453
Ingeniero Guillermo N Juarez;6453
Bridgeport;6458
Medina;6460
Homestead Meadows South;6460
Horseheads;6460
Snowflake;6461
Gulf Park Estates;6461
Pratt;6462
Shamong;6470
Milford;6471
Rockaway;6474
Lee;6476
Geneseo;6477
Cheverly;6477
Kathleen;6479
Cairo;6483
Elkin;6483
Fenton;6486
Andalusia;6486
Woodfin;6489
Marvin;6490
San Ramon;6490
Prospect Park;6491
Sunnyvale;6491
Talent;6492
Puke;6495
Fowler;6495
Fort Myers Shores;6496
Topsfield;6496
Oelwein;6498
Kosciusko;6501
Spring Lake Park;6502
Bellwood;6504
Galax;6505
Covedale;6510
Richboro;6510
Camilla;6511
Powell;6516
Calverton;6517
East Porterville;6519
Ridgeway;6520
Cooma;6520
Ambler;6521
Tipton;6522
Watford City;6523
Rossford;6524
Guadalupe;6525
Tumut;6526
Gulf Breeze;6528
Quirihue;6529
Penn Yan;6529
Litchfield;6529
Woodland;6531
Harrisville;6535
West Point;6536
Theodore;6536
Lackland AFB;6537
Darnestown;6540
Avon;6541
Attica;6541
Harvard;6542
Hurricane;6542
Eldridge;6543
Islamorada;6544
Plattsmouth;6544
Bronxville;6547
Broadway;6547
Lionville;6548
Valley City;6549
Gypsum;6552
Outjo;6557
Parkwood;6559
Mongomo;6560
Nitro;6561
Yorketown;6563
Belmont;6563
North Riverside;6564
Rittman;6564
Blackwell;6564
Granite Falls;6565
Jimani;6567
Walnut Ridge;6568
Marble Falls;6571
Keyser;6571
Wharton;6571
Prairie du Chien;6571
Laurel Bay;6572
Duanesburg;6573
Lexington;6573
Hillsboro;6573
Decatur;6574
Abilene;6575
Veneta;6575
Savage;6577
Slippery Rock;6578
Waimanalo;6578
Cherryville;6579
International Falls;6581
Hapeville;6581
Ironwood;6582
Qazaly;6582
Pendleton;6583
East Rochester;6583
Collins;6583
Cankuzo;6585
Indian River Estates;6585
Essex;6588
Lerwick;6594
Howland Center;6594
St Francis;6595
Catasauqua;6596
Belle Plaine;6599
Lemoore Station;6601
Pembroke Park;6602
West View;6602
Orange Lake;6603
Irvington;6606
Lawrence;6607
Tecumseh;6608
Amite City;6609
Awjilah;6610
Horta;6611
LacyLakeview;6611
Clairton;6611
Mattydale;6611
Fairfield;6612
Folcroft;6614
Green Knoll;6614
Porter;6616
Tangdong;6618
Ghadamis;6623
Union;6624
Granby;6627
Trinity;6628
Sidney;6628
Berkley;6630
Penn Estates;6631
Beaver Dam;6633
Monticello;6634
Spring Hill;6635
Montevallo;6636
Cushing;6637
Rupert;6643
Cherry Hills Village;6644
Hamilton;6646
Brewton;6648
Normandy Park;6649
Loudoun Valley Estates;6649
Tuckahoe;6657
Dalton;6657
Taneytown;6658
Martins Ferry;6659
North Branch;6662
Makarov;6663
Lincoln;6664
Canton;6666
Scriba;6667
Silver Lake;6669
South Patrick Shores;6669
Laurence Harbor;6670
Fox Point;6670
Church Hill;6674
Columbus;6675
Ellettsville;6677
Selma;6684
Castroville;6689
Columbia;6689
Plymouth;6690
GoromGorom;6691
Rinconada;6692
South Hill;6693
Aquia Harbour;6694
Stickney;6694
Gateway;6694
Roosevelt;6694
Stevensville;6694
Moores Mill;6695
Lincoln;6696
Groveland;6697
Clifton Heights;6702
Unionville;6705
Gleneagle;6706
Nevada;6707
Myers Corner;6715
Locust Grove;6715
Plaquemine;6715
Lake Hallie;6716
Portage;6717
Manorhaven;6718
Glendive;6719
Barberton;6719
Notre Dame;6720
Hamilton;6722
Ambridge;6724
Interlaken;6725
Bremen;6725
Magugpo Poblacion;6726
Edinboro;6729
Huntertown;6729
Cedarhurst;6730
North Caldwell;6730
Meridianville;6731
Camp Swift;6731
Red Hook;6732
Ephraim;6734
Osprey;6734
Hobart;6736
Noble;6738
Greenville;6738
Antigonish;6739
Bee Cave;6739
North Syracuse;6742
Washington;6745
Winthrop Harbor;6745
Brook Highland;6748
Junction City;6749
Byron Center;6751
Merrimac;6752
Creswell;6752
Thames;6756
Lakeview;6756
Enoch;6756
Blairsville;6759
HomeacreLyndora;6760
Youngtown;6760
Exeter;6761
Plain City;6764
Byron Bay;6764
Crozet;6764
Maple Glen;6764
Taylor Mill;6765
Twin Lakes;6767
Bayville;6771
Roeland Park;6772
Inniswold;6772
Parkville;6772
Fort Meade;6775
Golfito;6777
Kishkenekol;6779
Parkville;6781
Colusa;6781
Barrington;6781
Byron;6783
East Shoreham;6788
Kimberly;6790
Farim;6792
Fircrest;6794
New Hartford;6794
Hondo;6794
Cowra;6795
Khandyga;6796
Rosario;6798
Lake Mills;6799
Cortland;6800
Village St George;6802
Roslyn Heights;6802
Forest Glen;6804
Williamson;6806
Mount Ivy;6808
Loomis;6809
Litchfield;6810
Bath;6812
Mount Vernon;6813
Kingsland;6818
North Bend;6821
Russellville;6823
Kirtland;6824
Clover Creek;6831
Wildwood;6831
Cochituate;6832
Makawao;6832
Hoosick;6833
Farmington;6834
Beacon Square;6837
McCordsville;6838
Mexia;6838
Atkinson;6839
Cos Cob;6840
Moapa Valley;6840
Roaring Spring;6842
Greenbrier;6842
Seward;6843
Kaufman;6846
Lovejoy;6849
Lutherville;6851
Perry;6853
Millersville;6854
Linwood;6855
Mead;6859
Old Greenwich;6860
Epping;6861
Sturgis;6862
Rumson;6864
Sandersville;6867
North Patchogue;6869
Sitka;6875
Oguz;6876
Whitmore Lake;6876
Zholymbet;6876
Yabucoa;6878
Brier;6884
Columbia Falls;6886
Milford;6887
Welcome;6891
Farmington;6893
Chestertown;6896
Whitemarsh Island;6896
Karibib;6898
Upper Freehold;6899
Milo;6900
Valley Park;6902
Hanover;6904
Mechanicstown;6904
King;6904
Thermalito;6905
Whitinsville;6905
Allendale;6906
Sandston;6908
Barnesville;6908
Great Barrington;6915
Mira Monte;6916
Oak Ridge;6917
Nibley;6917
Tabernacle;6920
Nakasongola;6921
Portage Lakes;6922
Huron;6923
Ben Lomond;6923
South Valley Stream;6924
Kentfield;6927
Westbrook;6927
Black Jack;6927
Mendota;6929
Treasure Island;6938
Cottage Grove;6939
Ashland;6944
Nicoadala;6945
Page;6946
Desert Palms;6949
Westmere;6950
Trumann;6951
Archbald;6954
Bridge City;6957
Kieta;6958
San Isidro;6958
Maurice River;6958
Atherton;6959
Alta Sierra;6960
Marion;6961
Newbury;6964
Adel;6964
Commerce;6965
Sedona;6967
Sturtevant;6967
Ocean City;6969
Kiel;6974
Peru;6975
Plumas Lake;6976
Lascano;6976
Mountainside;6982
Kingston;6983
Madison;6983
Mount Carmel;6987
Las Piedras;6988
South Monrovia Island;6989
Emmitsburg;6990
Stawell;6991
Mount Hope;6993
Leitchfield;6994
Farr West;6996
Belle Isle;6996
Madison Park;6996
Orange City;6997
St Augustine Beach;6998
Murillo;7001
Centerville;7004
University Park;7006
Souderton;7008
Milliken;7014
Stratford;7015
Pelham;7016
Nuevo;7017
Clarkson;7019
Joshua Tree;7020
Wytheville;7024
Catoosa;7024
Great Neck Plaza;7025
Melekeok;7026
MiltonFreewater;7027
Quellon;7029
New Paltz;7031
Juana Diaz;7033
Union Grove;7033
West Samoset;7034
Nyack;7040
Ridley Park;7040
Live Oak;7040
Rochester;7041
Kapoeta;7042
Maryborough;7046
Fort Payne;7048
Tappan;7049
Lucas ValleyMarinwood;7054
Stephenville;7054
Windsor;7057
Stow;7061
Lakes of the Four Seasons;7061
Hillsboro;7062
Lihue;7064
Franklin;7066
Syracuse;7068
Meraux;7073
Zambezi;7074
Gunnison;7075
Fort Myers Beach;7077
Guanica;7081
Lake Lorraine;7081
Ladera Heights;7081
Narrabri;7082
Keyport;7085
Greenville;7087
Nebraska City;7089
Belen;7089
Batesville;7091
Gibsonville;7096
Crossett;7096
Lewisburg;7099
Fairview;7099
Hudson Falls;7099
Highland Heights;7100
Landen;7100
Pedro Luro;7100
Collinsville;7102
Parry Sound;7105
Jackson;7107
St Martinville;7109
Gilford;7111
Paintsville;7113
Northridge;7115
Ridgefield;7117
Green Hill;7117
West Bridgewater;7117
Lampasas;7121
Hornsby Bend;7124
Independence;7124
Berrien Springs;7125
St Joseph;7126
Floresville;7126
Providence Village;7127
Lower Allen;7128
Sanger;7128
Umatilla;7132
Elsa;7134
Keystone Heights;7134
Dade City;7134
Nappanee;7135
Pembroke;7137
Wimauma;7140
Sausalito;7141
Tuttle;7143
Yardville;7146
Wick;7147
Crete;7148
Gunnedah;7148
Sioux Center;7150
Orland Hills;7152
Okondja;7155
Tobyl;7155
Laurium;7155
Walled Lake;7156
Glenolden;7161
Lawrenceville;7161
Stanwood;7161
Milltown;7162
Moab;7164
Soro;7167
St Helena;7168
Swanzey;7169
Bedford;7173
Woodstock;7175
Flatwoods;7177
North Amherst;7179
East End;7179
De Soto;7182
Rockport;7184
Pacific;7184
Rockville;7188
Bestobe;7189
Carhue;7190
Willows;7197
Wauseon;7202
Springs;7205
Tolleson;7205
La Sarre;7206
Mantua;7207
West Glens Falls;7208
Palmer;7209
Latimer;7209
Green Brook;7210
Knoxville;7212
Austell;7215
Bellbrook;7218
Richland;7220
University of CaliforniaDavis;7221
Palmyra;7221
Marksville;7225
New Albany;7229
El Rio;7229
Hillsborough;7231
DeFuniak Springs;7232
Fairview;7233
East Franklin;7233
Winooski;7237
East Hills;7238
Atherton;7238
Lebanon;7242
Bermuda Dunes;7243
Gonzales;7249
Skiatook;7250
Milan;7253
Strasburg;7255
Bonne Terre;7256
Canfield;7256
Scappoose;7262
Ponchatoula;7265
Oak Grove;7266
Pollock Pines;7269
Freeland;7271
Corbin;7272
Marianna;7273
Truth or Consequences;7274
Oakdale;7274
Ephrata;7275
Belmont;7275
Vandalia;7277
Acton;7278
Neptune Beach;7280
Riverdale Park;7286
Twin Rivers;7286
Leola;7287
Bossembele;7287
Lander;7287
Wawayanda;7288
Busti;7289
Durham;7292
Longboat Key;7292
Mills River;7294
Tyrone;7294
St Louis;7298
Leeton;7299
Valley Center;7300
Delphos;7304
Inverness;7304
St Gabriel;7304
Soldotna;7304
Osakarovka;7305
Port Jefferson Station;7306
South Weber;7310
Huron;7311
NapiliHonokowai;7311
San Martin;7313
Kenwood;7313
Hampden;7314
New Cumberland;7318
Pompey;7320
Pleasantville;7322
Hudsonville;7323
Fair Plain;7324
As Sallum;7330
Utuado;7331
Boyes Hot Springs;7332
Goranboy;7333
Ralston;7333
Luan Chau;7335
Baldwin Harbor;7335
Tyrone;7336
Lincolnshire;7336
Dunbar;7338
Smithville;7340
Wynne;7348
Oroville East;7349
West Dundee;7352
Hiawatha;7353
Juncos;7353
Forsyth;7354
Thousand Palms;7356
Spring Valley Lake;7356
Lowell;7359
Williston Park;7360
Baywood;7360
Crystal City;7363
Sanibel;7363
Edgerton;7363
Torrington;7363
South Berwick;7363
La Feria;7364
Geneva;7364
Susuman;7367
Northport;7368
Connellsville;7368
Guadalupe;7370
Stratham;7372
St Johnsbury;7375
Reyes;7376
Florence;7376
Herkimer;7380
Monument;7380
Thurmont;7383
Dos Palos;7383
Midland Park;7384
Sandwich;7387
North Star;7390
Neiafu;7391
Carnarvon;7392
Osceola;7392
Jackson;7394
Clarkston;7396
Al Alamayn;7400
Lake of the Woods;7401
Albertville;7403
MentorontheLake;7404
McCook;7407
Mahmude Raqi;7407
Mount Horeb;7407
Dunellen;7407
Providence;7411
Marshfield;7418
Santa Clara;7418
New Bremen;7418
Northgate;7420
Coracora;7420
HaikuPauwela;7420
Summit View;7421
Charles City;7425
Harrison;7427
Hempstead;7432
Coeymans;7433
Payette;7434
Hatboro;7436
Villa Hills;7437
Yreka;7437
Dighton;7438
Middleton;7439
Alondra Park;7441
Camp Pendleton North;7443
LaFayette;7444
Perry;7444
Waikele;7446
New London;7448
Whiteville;7449
Wellington;7450
Glastonbury Center;7451
Salida;7452
Green;7453
Bargersville;7457
Gold River;7460
Gaoual;7461
Middleborough Center;7462
Woodlake;7467
Withamsville;7467
Fairlawn;7468
Igarka;7470
Franklin;7471
Homeland;7471
Morrow;7473
Rockton;7473
Tranqueras;7474
Stans;7475
Beebe;7477
Flowery Branch;7477
Cotati;7479
Waite Park;7481
River Rouge;7482
Winsted;7482
Porters Neck;7483
Lucas;7483
Montpelier;7484
Hubbard;7485
Ashland;7487
Buena Vista;7488
Webster City;7489
Old Lyme;7494
Charlestown;7496
Old Town;7497
Hughson;7498
Yarmouth;7500
Young;7501
Banff;7502
Lockwood;7503
Strathmore;7503
Inverness;7508
Park City;7513
Roatan;7514
Wedgefield;7516
Helena Valley Southeast;7517
Bryans Road;7518
Sappington;7519
Kula;7520
Purcell;7521
Waupaca;7521
Saranac Lake;7522
Upper Deerfield;7523
Diamondhead;7525
Delafield;7526
Palmyra;7527
Zuni Pueblo;7532
Pinson;7532
Chehalis;7533
Richfield;7533
West Livingston;7534
Mount Shasta;7536
Berwick;7538
Southgate;7539
Whitefish;7540
Urubamba;7540
Vandenberg Village;7541
Pembroke;7544
Highlands;7544
Philadelphia;7545
San Pablo Villa de Mitla;7547
Marion;7547
Dayton;7549
Pulaski;7549
Lake Shore;7550
Evergreen;7552
Calipatria;7558
Monticello;7561
Aledo;7563
Royalton;7564
Baltimore Highlands;7565
Westminster;7566
Pinehurst;7568
Steele Creek;7571
Silvis;7571
Happy Valley;7572
Shirley;7572
Marengo;7576
Ojai;7582
Marshall;7582
Pinon Hills;7583
Corona de Tucson;7583
Haddon Heights;7588
Etowah;7589
Kasson;7589
San Antonio;7592
Lamar;7592
Fort Pierce North;7597
Carbondale;7597
Mammoth Lakes;7598
Fairfax;7598
Devils Lake;7602
Berlin;7606
Easton;7607
Ogden;7608
Winslow;7608
Richmond;7608
Wilmington Manor;7608
Brighton;7611
Seminole;7613
Bansang;7615
Escalon;7615
Chesterfield;7616
Sudden Valley;7621
Creston;7622
Auburn;7622
New Roads;7623
Farmington;7623
Williamstown;7623
Aberdeen;7625
Fort Scott;7628
Robinson;7628
Grove;7630
Eden Isle;7631
Gettysburg;7633
North Hanover;7634
Holtville;7637
Benton;7642
Heyin;7642
Hales Corners;7642
Plaistow;7642
Pomona;7645
West Concord;7646
Galliano;7650
Southeast Arcadia;7653
Bentiu;7653
South Lockport;7654
Bayghanin;7657
Middlebury;7658
Clarksville;7664
Estes Park;7664
Meadow Lakes;7665
New Hanover;7665
Sebastopol;7666
Rolesville;7666
Revelstoke;7668
Thomaston;7668
Fairfield;7671
White Oak;7673
South Beloit;7673
Hastings;7673
Shelburne;7677
Altoona;7680
Las Lomitas;7683
Swainsboro;7684
Glenside;7684
Caribou;7684
Pikeville;7685
Wapato;7686
Castillos;7686
Bow;7692
OrmondbytheSea;7692
Eden;7692
Pittston;7694
Cumberland;7695
Half Moon;7696
Hillcrest;7697
West Slope;7698
River Oaks;7703
Orange;7703
Glen Ridge;7704
Round Lake Park;7704
Topanga;7705
Scotia;7707
Antigo;7708
Inwood;7708
Gurabo;7715
Centerville;7716
Norwich;7722
Oakdale;7722
Clear Lake;7723
Big Stone Gap;7725
York;7726
Park City;7729
Ione;7730
Kalabo;7731
Seville;7731
McGregor;7732
Larose;7732
Hampton;7732
Citrus Hills;7735
Kronenwetter;7736
Halifax;7739
Minnetrista;7739
Emerson;7739
Big Flats;7742
Luquillo;7742
Mansfield Center;7744
Waterboro;7747
Punta Gorda;7748
Piedmont;7749
Seaford;7750
Catalina;7751
Quincy;7756
Calumet Park;7757
Laughlin;7758
Victor Harbor;7760
Orosi;7760
Quarryville;7761
Charlestown;7762
Canovanas;7762
Moengo;7766
Delta;7767
Ancient Oaks;7769
Upton;7770
Rockmart;7772
Butler;7774
Winters;7775
Manhattan;7776
Joshua;7778
Grandview Heights;7778
Hollis;7779
Falmouth;7779
Clover;7780
Broadview;7781
Bonner Springs;7784
Fruitvale;7785
Ch'osanup;7786
Milan;7787
Oceano;7788
Greenfield;7789
San Juan del Sur;7790
Breckenridge;7791
Carneys Point;7794
Ashland;7796
Deerpark;7799
Grand Ledge;7802
Jasper;7804
Fanwood;7808
Fort Riley;7808
Colonie;7809
Duvall;7813
Bernardsville;7815
Dock Junction;7815
Southwood Acres;7816
Sallisaw;7818
Wilson;7819
Covington;7822
Woodstock;7827
Los Fresnos;7830
Batesville;7831
Olivette;7832
Onalaska;7832
Woodlake;7844
Terrace Heights;7849
Dilolo;7854
Selah;7859
Dryden;7862
Blandon;7863
Carl Junction;7864
Cheraw;7864
Prien;7864
Crookston;7865
Summit;7876
South Cleveland;7882
San Juan Bautista;7882
Baldwinsville;7885
Mascoutah;7886
Wyoming;7887
Esperance;7888
Grand Blanc;7889
Erseke;7890
Campbell;7890
North Springfield;7891
West Boylston;7892
Mecca;7893
Eaton;7896
Port Jefferson;7898
Carnegie;7898
Hitchcock;7900
Maryville;7900
Venice Gardens;7904
Port Maria;7906
Gracias;7909
Bel Aire;7914
Middletown;7914
Columbiana;7920
Manhasset;7922
Medina;7922
Cherry Valley;7924
Pahokee;7925
Downingtown;7928
Sheboygan Falls;7928
Jersey Village;7929
South Boston;7929
Keflavik;7930
Rathdrum;7932
Old Forge;7937
Camp Hill;7939
August;7942
Blair;7943
Sen Monorom;7944
Latrobe;7949
Flushing;7949
Summit Park;7954
Salem;7954
Illizi;7957
Lake Dallas;7958
Southwest Ranches;7958
Oberlin;7958
Princeton;7961
Dry Run;7961
Broadview Park;7963
Albion;7963
Hardyston;7964
Green Cove Springs;7966
Bajram Curri;7967
Riverside;7969
West Long Branch;7972
Ellsworth;7973
Robinwood;7976
Shorewood;7978
Lancaster;7978
Abingdon;7981
Odessa;7983
Orting;7983
La Junta;7983
San Lorenzo;7984
Logan;7985
Templeton;7989
Hamilton;7991
Brentwood;7998
Sterling;8000
Oldeani;8000
El Calafate;8000
HastingsonHudson;8008
Ripon;8008
Fort Belvoir;8009
Long Branch;8010
Raritan;8011
Rio Bravo;8012
Gray;8014
Ayer;8014
Jefferson;8015
Kontcha;8018
Crestwood Village;8020
Briarcliff Manor;8021
Fishersville;8022
Deniliquin;8024
Long Grove;8026
Firebaugh;8031
Willits;8031
Fort Dix;8032
Brookhaven;8039
Sound Beach;8040
Hillside;8043
Qusmuryn;8049
Richland Hills;8052
Conshohocken;8053
Cedar Hills;8054
Uliastay;8056
Lake Norman of Catawba;8060
Sabana Seca;8061
Cumberland Hill;8062
Chardon;8063
Waller;8064
Felida;8065
Vinton;8065
Fair Lakes;8066
Puerto Aysen;8067
Boston;8068
Gilberts;8073
Montrose;8074
Rabaul;8074
Byram;8076
Oak Brook;8077
Brazil;8078
Hollymead;8084
Ahuimanu;8085
Caldwell;8085
Ewa Villages;8087
Westphalia;8102
Monona;8104
North Weeki Wachee;8104
Poteau;8106
Hopkinton;8112
Oak Grove;8112
Almirante;8114
Maplewood;8115
Island Lake;8116
Templeton;8117
Putina;8118
West Miami;8120
Dalhart;8121
Dal'negorsk;8123
St Rose;8123
Village GreenGreen Ridge;8124
Omak;8130
Pleasant Hills;8132
West Vero Corridor;8135
Roanoke;8135
West HavenSylvan;8142
N'dalatando;8144
Millis;8144
Orono;8147
Mount Rainier;8147
Brooksville;8147
Niagara;8148
Menominee;8148
Trinidad;8148
Black Mountain;8150
Lugoff;8152
Chestnut Ridge;8156
Alliance;8158
Buxton;8158
Bellevue;8159
Sangaree;8161
Bridge City;8162
Jennings Lodge;8164
Crete;8165
Pingree Grove;8165
Airway Heights;8166
Burton;8169
Nolensville;8169
Bellevue;8171
Applewood;8173
Castle Shannon;8173
Tillamook;8176
Country Club Estates;8176
Laurel Hill;8178
Whitestown;8179
Bayport;8181
Fruitland Park;8181
Decorah;8184
Mahtomedi;8191
Qarqaraly;8195
Hyrum;8197
Yeghegnadzor;8200
Clinton;8200
Lake Carmel;8201
Moree;8203
Ashland;8208
Salem;8210
Aztec;8210
Adams;8211
Zhanibek;8212
Mount Joy;8215
Fairfield Glade;8217
Mystic Island;8220
Aiquile;8224
Rolling Hills Estates;8226
Boxford;8228
Morehead;8229
Milton;8230
Kenton;8231
Brooklyn;8232
Fletcher;8233
Rockwood;8235
Skidaway Island;8236
Pismo Beach;8237
Seffner;8239
St Martin;8242
Bloomingdale;8242
Frostproof;8243
Bedminster;8244
Irondale;8244
Arab;8244
Olovyannaya;8247
Fort Mitchell;8248
Gulf Hills;8249
Grantsville;8254
Hernando;8254
CrotononHudson;8258
Tuskegee;8258
Williamsburg;8259
Colorado City;8259
Cortlandville;8261
Aransas Pass;8265
Waynesburg;8269
Innsbrook;8271
Savoy;8272
Center Line;8273
Napoleon;8274
Middleport;8274
Baxter;8278
Temple Hills;8278
Absecon;8283
Old Jefferson;8283
Petoskey;8287
Somers;8289
Schroeppel;8291
Cheviot;8292
Canal Winchester;8294
Hillsboro;8296
Freeport;8296
Fairmount;8298
Lopatcong;8300
Denison;8303
Haddam;8303
Thomson;8309
Wetumpka;8310
Montague;8311
Pebble Creek;8311
Monahans;8312
Kenilworth;8312
Johnstown;8314
Oradell;8314
Lansdowne;8314
Doylestown;8315
Bath;8317
Whitehouse;8317
North Bay Village;8317
Gering;8319
Masindi Port;8319
Holly;8325
Thompsonville;8328
Ripley;8331
Garden City Park;8332
Savannah;8333
Aurora;8335
Kennedale;8338
Oak Hill;8338
Pukalani;8340
Brokopondo;8340
Murphy;8343
Skowhegan;8344
Jefferson City;8346
York;8351
Millersville;8353
Boonton;8354
Northfield;8360
Four Corners;8361
St Joseph;8363
Wading River;8367
Conover;8368
McRaeHelena;8368
Richmond Heights;8369
Covington;8371
Tecumseh;8375
New Prague;8376
Dormont;8377
Chester;8378
Socorro;8383
Riverside;8385
Erwin;8387
Greenville;8388
Aleg;8388
Congers;8389
Runnemede;8390
Jessup;8392
Cohasset;8393
Gaylord;8393
East York;8395
Tuscumbia;8398
Paw Paw;8400
Katakwi;8400
Sturgeon Bay;8405
Mason;8409
Hawthorn Woods;8412
Alamo Heights;8413
Highland Heights;8414
Kulpsville;8414
Upper Saddle River;8415
Vallegrande;8422
Litchfield;8424
Gridley;8424
Progress Village;8425
University of Virginia;8426
Oakland;8426
Guntersville;8429
Paris;8431
Kensington;8433
Westlake Village;8440
Sheridan;8446
Achacachi;8447
Carbondale;8447
Humboldt;8448
St Johns;8448
McFarland;8449
New Square;8451
Spotswood;8456
Goundam;8456
Evinayong;8462
Haledon;8463
Rutland;8463
Mount Pleasant;8465
Sugarmill Woods;8465
Gonzales;8466
Monticello;8468
Geneseo;8468
Fern Park;8469
Willow Street;8472
Corning;8473
Greenbriar;8473
Sand Lake;8476
Pleasant Hill;8477
Beaver Falls;8483
North Elba;8484
Lake City;8489
Glens Falls North;8490
San Antonio Oeste;8492
Sunset Hills;8492
Moundsville;8494
Montesano;8494
Yarmouth;8494
Oranjemund;8496
Seven Corners;8498
Kirkwall;8500
Hoquiam;8500
Hazard;8502
Ellicott;8503
Harwood Heights;8505
White Horse;8505
Floris;8507
Silver Springs Shores;8508
Plumsted;8509
Dover;8509
Evergreen;8516
Lacombe;8519
Aspen;8521
Willowbrook;8521
Prairie du Sac;8523
Mount Vista;8525
Clinton;8529
Bay Minette;8532
Port Wentworth;8534
Wyoming;8536
Celebration;8536
Middlebury;8542
Aqsu;8543
Westwego;8549
Corrales;8549
Concord;8550
Miramar Beach;8555
Perkasie;8555
Chos Malal;8556
Park Hills;8557
Signal Mountain;8560
Buckhannon;8560
Inverell;8561
Monett;8562
Indian Harbour Beach;8566
Bogota;8567
Tallulah;8569
Georgetown;8569
North Haledon;8570
Kingaroy;8573
Des Peres;8573
Sanatoga;8573
Detroit Lakes;8575
Farmville;8577
Folsom;8577
Morrisville;8578
Los Altos Hills;8580
Nevada;8581
Dumbarton;8584
Mansfield;8586
Kalifornsky;8588
North Madison;8593
Laurel;8596
Barton;8599
Temperance;8599
Hampstead;8601
Princeton;8602
Wagoner;8603
Cortez;8603
Ladue;8612
Malverne;8613
San Sebastian;8614
Helena Valley West Central;8622
Monroe;8630
East Grand Forks;8631
Bridgeport;8635
Suntar;8639
Frostburg;8642
Birch Bay;8642
Rockland;8642
Orrville;8643
Spanish Fort;8644
Elsmere;8644
Lake Park;8645
Clinton;8646
La Libertad;8646
Bonadelle RanchosMadera Ranchos;8647
Luba;8655
Mayo;8656
Gadabay;8657
Perryville;8660
West Point;8660
Fairless Hills;8663
Lindstrom;8664
Picture Rocks;8666
Hooper;8668
Clayton;8676
Altdorf;8678
Perryton;8681
South Kensington;8684
Stuttgart;8685
Rio Vista;8686
Fountain Inn;8688
Blanchard;8690
Golden Valley;8694
West Frankfort;8703
Kirby;8705
Orange Park;8705
Claymont;8707
Al Quwayiyah;8712
Clarendon Hills;8712
Lake Villa;8716
Aibonito;8716
Heath;8720
Edgewood;8720
Douglas;8722
Newstead;8722
Corozal;8724
Montvale;8724
Ivins;8726
Marlborough;8727
Eufaula;8727
North Sarasota;8728
Westampton;8730
Southside;8731
Edgemere;8732
Holualoa;8732
Pine Lake Park;8732
Audubon;8733
Oak Grove;8735
Livingston;8735
Commerce;8736
Asbury Lake;8736
Topsham;8737
Rhinelander;8738
Pike Creek;8740
Mahopac;8742
Riverside;8742
Center Moriches;8743
Old Orchard Beach;8745
Swissvale;8746
West Athens;8746
Pineville;8746
Tocantinopolis;8750
Palm Beach;8751
Murrells Inlet;8752
Riverdale;8758
Marrupa;8762
Long Hill;8763
Closter;8766
Scott;8768
Richlands;8768
Cape St Claire;8769
Harrodsburg;8770
Zimmerman;8771
Gresham Park;8772
Franklin;8773
Woodburn;8774
Saynshand;8776
Jerseyville;8777
Nueva Ocotepeque;8780
Shannon;8781
Susanville;8783
New Scotland;8783
Burlington;8783
Robertsdale;8784
Perry Heights;8788
Collingdale;8791
Quincy;8791
Midland;8792
Incline Village;8795
Edgewater Park;8799
Monson;8803
Sultan;8803
Port Townsend;8804
Needles;8807
Mokhotlong;8809
Alderwood Manor;8817
Calimesa;8817
Seaside;8817
Graham;8819
Midway City;8819
Earlimart;8824
Woodway;8825
Leesville;8828
Makaha;8832
Siteia;8833
Kearney;8834
Seabrook;8834
Canonsburg;8837
Seneca Falls;8838
Lexington;8841
Wesley Chapel;8841
Barrington;8841
Waverly;8841
Quakertown;8843
Pitman;8846
South Amboy;8857
New Richmond;8859
Micco;8859
Sellersburg;8860
Albion;8865
Matawan;8869
Rawlins;8869
Hamilton;8869
Lisbon;8872
Cuencame de Ceniceros;8876
La Grange;8877
Glenwood;8880
Kemijarvi;8883
Esopus;8886
Glenshaw;8886
Airmont;8888
Golden Hills;8889
Berthoud;8889
Sutherlin;8891
St Albans;8892
Grinnell;8892
Zhangaozen;8895
Villas;8895
Hobart;8896
Scotchtown;8897
Wharton;8899
Glencoe;8900
Plymouth;8900
Bithlo;8904
Makhambet;8905
Woodbridge;8907
Rock Falls;8911
Olmsted Falls;8912
Quibala;8915
Oakville;8918
Lenox;8918
Berkeley;8920
Weare;8921
Abdurahmoni Jomi;8925
Memphis;8926
Navasota;8927
Chatham;8928
Sheffield;8930
Hickam Housing;8931
Qashyr;8931
Pasadena Hills;8932
Cresskill;8935
Live Oak;8935
Sodankyla;8942
Park Ridge;8944
Fairview;8950
Beckett Ridge;8955
Shiprock;8956
Sinop;8961
Brigantine;8963
South San Gabriel;8964
Garden City;8970
Succasunna;8971
Triangle;8972
Carencro;8973
Boulder Hill;8973
Sheffield Lake;8976
Newmarket;8977
Oak Hills Place;8980
Rotonda;8981
Lake Elmo;8983
Franklin;8984
Montecito;8984
Rigby;8987
Chamical;8989
Oakwood;8993
Chanute;8994
Ville Platte;8996
Mbamba Bay;8997
Aguelhok;9000
Baabda;9000
Plainville;9000
Merrydale;9001
Olney;9002
Picnic Point;9002
Bridgewater;9003
St Stephens;9004
Cypress Gardens;9006
Aliquippa;9006
Star;9009
Pittsgrove;9009
Audubon;9010
Macedon;9010
Citrus Springs;9011
Shelby;9011
Walterboro;9013
Mechanicsburg;9016
WaiheeWaiehu;9017
WoodRidge;9018
Salisbury;9021
Manteno;9021
Tuba City;9022
Oakbrook;9025
Dexter;9029
White City;9030
Garrison;9033
Rapid Valley;9034
Namsos;9035
Chester;9039
Brewer;9043
WakefieldPeacedale;9044
Novo Airao;9049
Fort Irwin;9053
Greenwood;9054
Ciudad Tula;9054
Madras;9059
Stony Brook University;9059
Flowood;9061
Inirida;9065
Brunswick;9067
St Marys;9071
East Haddam;9072
Jumla;9073
Hillview;9076
Dauphin;9077
St Anthony;9077
Ayr;9078
Fallston;9082
Springfield;9086
Shar;9087
Colac;9089
Fair Oaks Ranch;9091
Fort Knox;9092
Groton;9092
Fairmont;9093
Hamlin;9093
Farmingdale;9094
Waseca;9098
St Augustine Shores;9099
Mae Hong Son;9109
Menaka;9110
Cabo Rojo;9110
Challapata;9114
Meadowbrook;9115
Kings Grant;9119
LaSalle;9120
Guthrie;9123
Porto Nacional;9129
Plymouth;9138
Eagle Point;9139
Scaggsville;9142
West Tawakoni;9143
Beverly Hills;9144
Usakos;9147
Ust'Nera;9148
Madeira;9149
Washington Terrace;9152
Boiling Springs;9152
Thief River Falls;9156
Kodiak;9156
Grosse Pointe Farms;9158
Fair Oaks;9159
Halacho;9165
Tiburon;9165
Independence;9166
Harrisburg;9168
Helotes;9169
St Marys;9169
Murphysboro;9173
San Elizario;9173
Freetown;9175
Economy;9178
Pryor Creek;9179
LarkfieldWikiup;9184
Cold Springs;9184
Sans Souci;9187
Jeannette;9190
Fultondale;9190
Indianola;9190
Sullivan;9198
Lenoir City;9199
Blackstone;9201
Edwards;9202
Corozal;9203
Lake Mohawk;9203
Frankfort Square;9205
Brownsville;9206
Little River;9208
Highland Park;9208
San Jose de Chiquitos;9211
Melissa;9212
Red Bank;9214
Lowell;9215
Powdersville;9216
Ertis;9216
Elwood;9218
Jersey Shore;9222
Bloomingdale;9222
Alexander City;9222
Basalt;9222
Ecorse;9226
Plainedge;9227
Viera West;9228
Chesapeake Ranch Estates;9229
Northwest Harborcreek;9233
Crawford;9234
Cape Elizabeth;9235
Kapuskasing;9240
Cairo;9244
Kasane;9250
Ulladulla;9250
Mendon;9250
College Place;9258
Leonia;9262
Brandon;9263
Rensselaer;9264
Woodmoor;9264
Ruidoso;9269
Middletown;9270
Redding;9274
Tomah;9275
Swan Hill;9276
Lynwood;9279
Hartland;9279
White Meadow Lake;9281
Dillon;9281
Bohemia;9282
Laurel;9283
Hastings;9289
Gloucester Point;9291
Saline;9291
Monmouth;9293
Fort Polk South;9293
Walworth;9296
Sutton;9297
Logan;9299
Thompson;9299
Muncy;9299
Westgate;9300
Fairview;9302
Independent Hill;9304
Victoria;9305
Dayton;9305
North College Hill;9309
Gunbarrel;9321
Leisure World;9322
Pike Road;9322
Ahumada;9326
Bethalto;9327
Claremont;9330
Flossmoor;9332
Aiea;9332
Louisville;9335
Medulla;9335
Amherst;9336
Anthony;9339
Williston;9341
Boonville;9344
Union;9348
Orlu;9351
Gore;9352
Shira;9358
San Pedro de Ycuamandiyu;9360
Weyburn;9362
Cloverdale;9362
La Plata;9365
Derby;9365
Redlands;9367
Good Hope;9369
Le Mars;9370
Marlton;9374
Girard;9378
Stonegate;9379
Kundiawa;9383
Lambertville;9386
Portland;9391
Rice Lake;9393
Putnam;9395
Brentwood;9398
Emerald;9398
Fayetteville;9400
Budd Lake;9401
Yorkshire;9402
Westwood;9405
Harahan;9406
Marcy;9406
The Village;9407
Mission;9409
Sarnen;9410
Little Falls;9411
Steger;9411
Lititz;9415
Mount Airy;9416
Itasca;9416
Townsend;9418
Erwin;9421
Castelli;9421
Fort Stockton;9421
Manistee;9422
Lakes;9424
Clarion;9424
Siler City;9424
Clinton;9428
Wellington;9429
Newfane;9432
Harrisonville;9435
Springfield;9437
Alexandria;9438
Woodlyn;9439
Platte City;9441
St Francis;9442
Stansbury Park;9446
Craig;9447
Bladensburg;9450
Linganore;9450
Francisville;9458
Augusta;9466
Dunn Loring;9473
Baker City;9473
Reedsburg;9476
Wilmore;9478
Charter Oak;9481
DuPont;9487
Warrenton;9487
Oxford;9488
Beecher;9490
Bardmoor;9494
Sturbridge;9496
Rockcreek;9503
Lantana;9503
Jennings;9507
Gig Harbor;9507
Winslow;9508
Hermantown;9513
Fort Valley;9515
Conning Towers Nautilus Park;9515
Mound;9517
Howell;9524
Amityville;9524
Columbia City;9535
Mount Holly;9536
Cheat Lake;9540
Igrim;9545
New Baltimore;9546
Bryan;9546
Willoughby Hills;9550
Hebron;9550
Hackettstown;9554
Rainbow City;9555
Dombarovskiy;9556
Potsdam;9566
Brownfield;9566
Parsons;9572
Emmett;9573
Charters Towers;9573
Brookdale;9575
Roxboro;9577
Crestline;9581
Biryusinsk;9583
Roxborough Park;9588
Rye Brook;9589
Marathon;9591
Burlington;9598
Clay;9599
Box Elder;9600
Kendall Park;9601
Grand Rapids;9603
Central City;9605
San Justo;9607
Vega Alta;9609
Cameron;9612
Rio del Mar;9621
Rayne;9621
Pella;9624
Bishop;9630
Bristol;9631
Waterford;9632
Vashon;9635
Bernalillo;9638
Sabana Grande;9639
Mooresville;9641
North Gates;9644
Trujillo;9646
St Pete Beach;9647
Kittery;9649
Djambala;9651
Boaz;9652
Fort William;9652
Winterville;9654
Middleton;9656
Harvard;9659
White Marsh;9660
Monticello;9665
Lake Stickney;9667
Tell City;9668
Coweta;9668
Harleysville;9673
Phangnga;9676
Sembe;9679
Tshabong;9679
Eidson Road;9680
Hartford;9680
Gifford;9683
Blacklick Estates;9684
Winfield;9685
Woodbury;9686
Miles City;9686
Hope;9688
George Mason;9689
Marina del Rey;9691
Silsbee;9694
Cody;9696
Hamburg;9696
Greenville;9696
Bull Mountain;9698
Bloomfield;9701
North Bend;9702
Garden City;9702
Mandritsara;9705
Marysville;9706
Aqadyr;9710
Southwick;9711
Waggaman;9712
Fuller Heights;9719
Franklin;9721
Steinbach;9729
Russellville;9732
Manor;9733
South Huntington;9733
Progress;9737
Park Forest Village;9737
Woodfield;9738
Orland;9747
Prospect;9748
Glencoe;9750
Merrill;9750
New Port Richey East;9753
Littleton;9754
Carroll;9758
Brandywine;9762
Pokrovsk;9763
Philipstown;9763
Pleasant Valley;9769
Ellisville;9770
Bee Ridge;9772
Mapleton;9773
Union;9777
Stuarts Draft;9781
Lobamba;9782
Chillicothe;9787
Lake Monticello;9794
Smithville;9798
Olmos;9800
Keansburg;9806
Pine Ridge;9811
Cuero;9816
Danville;9819
Sugar Grove;9830
Fort Oglethorpe;9831
Burlington;9832
Denham Springs;9834
Cross Lanes;9835
Celina;9836
Qarabalyq;9838
Valley Center;9842
Chevy Chase;9844
Dalby;9847
Union City;9853
Bogande;9854
Brewster;9856
North Kensington;9856
Pajaros;9858
Maywood;9860
Franklin;9861
East Aurora;9862
East Rockaway;9863
Ware;9863
Corte Madera;9864
HelenaWest Helena;9864
Croydon;9865
Pleasant Hill;9873
Scottsboro;9874
Warrenton;9875
Wabash;9877
Philipsburg;9877
Bocas del Toro;9883
Bulaevo;9886
Holmen;9887
Northampton;9888
Jewett City;9889
Liberty Lake;9893
Ayutla de los Libres;9897
Catio;9898
Lincoln Village;9899
Edgewater;9912
Blackhawk;9912
Newcastle;9912
Country Club;9914
Lake Barcroft;9918
Woodbury;9919
Gamba;9928
East Rutherford;9928
Sweetwater;9940
Vernon;9941
Harrison;9941
Madera Acres;9947
Vilyuysk;9948
Molalla;9950
New Hyde Park;9953
Flat Rock;9955
Grafton;9955
Tipp City;9956
Makale;9960
Mazoe;9966
Waynesville;9971
Vera;9979
Milton;9986
Selkirk;9986
Fairmount;9986
Glocester;9993
Reserve;9995
Gar;10000
Tarin Kot;10000
Obluch'ye;10000
Olekminsk;10000
Gyangze;10000
Al Qurayyat;10000
Choele Choel;10000
Moranbah;10000
Hammerfest;10000
Senanga;10005
Moba;10006
Kuruman;10006
Skovorodino;10007
Grenada;10016
Taltal;10018
Colts Neck;10018
Fort Lupton;10019
Conway;10021
Southborough;10021
Robore;10036
Bel Air;10037
Gages Lake;10042
Fulshear;10044
Coffeyville;10046
Wells;10048
Laurens;10051
Independence;10053
Sparta;10054
River Vale;10055
Bonham;10059
Greenville;10061
Rreshen;10064
Salaverry;10066
Key Largo;10071
Eumseong;10077
Hartsville;10083
Bluffton;10085
Berwick;10086
Fort Meade;10088
Snohomish;10089
Standish;10091
Waldwick;10092
Ontario;10093
River Grove;10093
Sumner;10093
Kutztown;10095
Quartz Hill;10098
Nogliki;10098
Greymouth;10100
Clinton;10103
Pleasant Grove;10104
Manvel;10115
